wallet_id,credit_score
0x0f3c2476fbf0ed09dff00ea7f4ef252dcc72e6f1,100.0
0xc64de5e0f97c21606e1f31426eb5c98ab729c08e,96.75
0xe1447914f234eb30f8725b2f564e60a655e39cc0,90.92
0xcc1e0a566dbd10869c071c811aba436357858f05,90.57
0x7409956e1d10a00ea425722565790e2c77c40ad2,87.64
0x5a22ebbfd15a363b650f0c15a11012373afd08ab,87.24
0x8108a649ab2fa2832ef8a8e88c921017fccec2bb,86.57
0x152b8c153e4f18bfe1cb3f2eaa563813c758e279,85.9
0x357dd894221f4f8f4bb52aef3da7c618c39c3682,85.19
0x054e4d23739dc1c0f3edc34ea874828e1612e004,85.17
0xcd5f8fa45e0ca0937f86006b9ee8fe1eedee5fc4,84.81
0xc5d16847874f3c47c5dfec353d01105896459d0f,82.23
0x4b1f2b10a8c7d8b37ecf45659cdeddb54f84253e,82.11
0x25cb5b18a3d6c7cf562de456ab8368ed577c0173,81.82
0x2a43517003d740e499a3b15881202d9303e78b4f,81.53
0xf6205f089aa9d19bc8fa085b28a4307ef77fadc5,80.94
0x86e3209766b078527f77969f8013bec5dcdebaa4,80.79
0x1cf6437111a85cb37603650f278b80655a1c43e9,80.7
0x930a7cd60a633128b7c5181307781e6d033ba51a,80.4
0xef492b2d863b4e68330b4ed0b39708d3846b3420,80.2
0x03f6f282373900c2f6ce53b5a9f595b92ac5f5e5,79.29
0x2afccecb86504de8023def0cac5a7fbc240830bb,79.26
0xc2f833639b69d46422db24000d81ae3ab49f2bb4,79.1
0x233f1d0c0abb1eca410b6e1e7d2560cfd32b07b2,78.9
0x484a3588e42fb1541858aa314854eed26e14816c,78.9
0x06763a0717f74b33840ebd85122a5093f828ad38,78.73
0x189c2c1834b1414a6aee9eba5dc4b4d547c9a44c,76.77
0xecb72af76061204a52526440810500d84c044074,76.55
0x85ebc7d2098428dc4c4b3c71b28ff0e921fece37,76.49
0xf450dcc6bf45fb2b5284f47585312f3ea4816933,76.47
0x849151d7d0bf1f34b70d5cad5149d28cc2308bf1,76.46
0x5d594da5154a4236a4fd81edea808ba1338f3203,76.4
0xdf63be2e473ba04c26b1609e51d08cf0d78e0913,76.32
0xd2c6c32920a6431968961dcbf54ef2e56fa4603f,76.16
0x20edfe3112170f943ffd6e487adc83f3dd2bf238,74.66
0x2584cd4eac415b8fc5acc02cc6e552b13110592f,72.84
0x58068f118c90723da45388b43b5cd0503a001be8,72.29
0xc8fcfadb4f0d30da8f3ec4bee4a1f156af5869fa,72.22
0xb05afe78abb803066d78a75fe6c64778d2fe0396,72.17
0x8ced55ae072b5bfc60b49e8f9b2b84ccb26aa55c,72.13
0xfb4f025ed50e3a200d520c2cf60a198ecb584d6c,72.07
0x7adbbea375f5e6ecaf28631bed702c4422f10d03,70.96
0xda248cc10b477c1144219183ec87b0621dac37b3,70.52
0x72713fb6b76701dd989134c744258465669c6aa3,70.14
0xdd20489fdfae08b53865a22b552fa2b90f409450,69.08
0x1fc6386835eb73c7c3b16695f30611b1a71fc84c,68.93
0xc09d3402515676b81a2f768c365146ea3faa5605,68.63
0x332777864cce8879efe2356de27946b643be38d0,68.44
0x75086316ae15b560186878cab2aef4db6b924285,67.62
0x57ef012861c4937a76b5d6061be800199a2b9100,67.1
0x8f831e8799b642ed6a263dff0f72de51b94e6216,66.72
0x6168bb05ccb4aaded0169602bbb6e3cae12902c5,66.46
0x7fe4b724c8e379152bbc148bbd2cfdc7e5b80446,64.82
0x4654f56a64301b9b582f843f97332d96ead11ff8,64.16
0xd00ae74b8a2a0b3c17636cdcf4c4e72149f2ee20,63.48
0x0006e4548aed4502ec8c844567840ce6ef1013f5,63.07
0xd2adb7b4df854631fa0f790a93b2fa25fad3f56e,62.76
0xec8e446c52f2d4ac9048aff1813c636ac8334fc9,62.32
0xa24f2e6dcbd2da9a220958401dab74b365bd34e1,62.22
0x9ce8f85083fcf364467a827cb15730102306ed1c,62.17
0xe692840875b84bffc7402bd199d615d7af57e1cd,61.42
0xc766ca67ed7216bf6f67e449f9789daddcc0e9ee,60.94
0x84443f61efc60d10da9f9a2398980cd5748394bb,60.8
0x606420fc17e08ce7d85a5068cede5542c0e47128,60.06
0xbd9ed130a53cfafcf81502e4d35329a6c4d53410,59.74
0x4ae0dbd5c700c64faaf85678fc1fcdf6aba5c5dd,59.19
0x64ae361c1c55f61a02d2c67a4c78457d5169ac56,59.16
0x1cd2eb4e9b2efaf76fc6637b5d3ce3498d5c5000,59.07
0x42b9df65b219b3dd36ff330a4dd8f327a6ada990,58.87
0x003c52a71c887461087154eccced08cb1c5384a5,58.24
0xefd0199657b444856e3259ed8e3c39ee43cf51dc,58.02
0x3584ca77ba08bd8b3fe4762e60eb284e37696829,58.01
0x121667b6690f5040c672c3df912a5aaf8735ca23,57.73
0xd6390178b2002a0758e8b3486fddc1c4bc23ebe1,57.53
0xf11d95bd4c18e4a792cd3ffb581e2c30890724a3,57.28
0xd888dafa1df40c262c10d0479b9f0b8d8d2cdfc7,56.81
0x30caf91380d5911d417f5dada36f145897bc7f72,56.41
0xb21b8812bb6081475d332dbfdbc9412437f709b2,56.38
0xeb23e02024b8b98dd988d39482ec4bc6d329199d,56.29
0x4fe95c36bb9b3a81f278569525162f91615e77d7,55.74
0xe40afc776c18d8925199dcce78d0b06c9222b896,55.61
0x3596c017ad351628cd31980837c0938ddbad7e49,55.47
0x188c30e9a6527f5f0c3f7fe59b72ac7253c62f28,55.46
0x71bb861eee90ebc82e9ee26778309560fd361538,54.95
0x9df06d2e25378f01a405c93310e289e8d06c9841,54.53
0xeb64340f380b8c2e708c390a1a6be7d7c9c1c4e8,54.29
0x467958706760cf7fe2c6bc5ec1bb55892fc0649c,53.8
0x54f987c0a786031357427211046d9e7ef61f3891,53.04
0xa85efd19852f56990a708d5d38d49552e8c75512,52.81
0x644239848c7b402d813295893db428aae7cc4cb5,52.63
0x502cb8985b2c92a8d4bf309cdaa89de9be442708,52.39
0x0aa05126f46862cb8cc097a4d6f0f47ddfba0a7c,52.27
0xc8bef1a50119389ae31d2e426f7c71bf8cc10def,52.24
0x5212f225f58b8cd4c1cf2a10dcf047449dcb5d86,52.23
0x60fc976145dd135c6bbc7df9406a60e8c2123850,52.12
0x08072a5fbc90eed1ca4fb863c1df8aa1fec61cfa,52.12
0x2848b9f2d4faebaa4838c41071684c70688b455d,52.06
0x13dc08f5ddbcbfdf6ebc04c909c3052a2aa7a111,51.58
0xcdf449b5c9bd2a725319163c3e7f2d7222c4d8c9,51.51
0x8581c388a30518884522fb177a92fc2193510814,51.09
0xb3eafb9f40b8e568b998324dcdfc73b5eabb39b7,51.05
0xee64e0a60a3be4e16b067e0c61e1e51ce1b03fdd,50.95
0x6d835bb6bcce3bc2cccdc88fdf32ef73f88400b4,50.84
0x0a80c3c540eef99811f4579fa7b1a0617294e06f,50.79
0x67bbbccddd394c2cfa15d3958904858b21040cc6,50.69
0xd527c56dc2ac6a71f04242548039d07006e9103e,50.57
0x540467e4d66cea16598240ba82215f459c9b988a,50.54
0x44e88af9ccecc4de798737cc70ee011f6c38d00e,50.22
0x2b19fde5d7377b48be50a5d0a78398a496e8b15c,49.98
0xd062eeb318295a09d4262135ef0092979552afe6,49.9
0xda9cb21f6b662eb972ecc8fd358a1fdab0811977,49.88
0x7ab83b5e9a93f55cba6776fee1b6b8a73f78dc5b,49.68
0x61ad994108a0d4b8a2dc60129362ffa62342bbd2,49.61
0xc3e1ceffc8087082baa045a9473edecf3773c122,49.43
0x0598df9ef51616e9c015a4f17918507259b22baf,49.4
0x23395e68e4a65b5b9b33e3819f6a3058752a1a2e,49.22
0x0029ab135b5be72168bf80f140d60a9264dbd0c5,49.17
0xb4756d65812236c4c82c768e7dcc58adb6cac975,49.16
0x55857b9a18e15a298136b3118af86bc9503b3eb5,49.15
0x8c863333c2e92f02e01f7a3c6d131e4d59f78990,48.8
0x80d53979b8ee634dc5d2f3af1f22f5247f00a51a,48.76
0xe826cf83f03732ea35eaf4cd9627d57529feca4b,48.72
0x52405eff99dd4c2015463dc511573344f2e2e8d7,48.72
0xbfc54c36fbd010d53975ef38e90462c1a7afdb60,48.61
0x90c3729672a0b7a9bb7553e76c477cf873e3bc33,48.58
0xa1df7157e5eb60c4f9bcffb6a2f725a4b6492ca7,48.56
0xb0804b6dbe7159bddc1b6c9c00c796d94eee1858,48.35
0x229229284c0ea7c2a898765a5652fc03f0e35293,48.15
0xecc996953e976a305ee585a9c7bbbcc85d1c467b,47.99
0xa1872b9b494556777d2b3ac5e699cf7fb377bafc,47.94
0x6bb1be45c80e14b6ef600df5b018df12a7b245c4,47.8
0xb32b2fb57152a6091fba9fb4803e2df0097c55b4,47.76
0xa7b95d2a2d10028cc4450e453151181cbcac74fc,47.72
0xd3d555bb655acba9452bfc6d7cea8cc7b3628c55,47.67
0x9df7c98c933a0cb409606a3a24b1660a70283542,47.59
0xe00d58e8a4850f231c8482681657501d0e49703b,47.43
0xa230a1c91c640da7a947c23a889a3bd68a171915,47.13
0xceb9e948ce562b3b3eaa2495e39841a62815a524,46.96
0x8dbe431939b9c323d42e6ab160870a01f1d09549,46.9
0x39bde2f9254cfef7d0487a27e107ef6c1685e44c,46.87
0xfd72fac7d08f9912e5d02091417304d5a0072e2b,46.78
0x1658a95d08bc44111a93f7afcab8444b7e8dc0c7,46.34
0x744bf16425eac4e497a9a01e7ab9bdb0b9f3af25,46.25
0x2142efcb2870affc21b4f2ebbe3976f446ce2b90,46.15
0xdbc9454541a32fc0cc1b76cfc674a76aab6233a9,46.1
0x199da66fea63520d64b213ee3e7eb7cdfb650d62,45.93
0xf8fbc9298650f49f9b6280ead636c1811c6ca1a1,45.93
0x5142126b4573ae1a23e4c8ab2a16631cae725325,45.85
0xe4b0fea2c1c6c90c356bfbbe04b7233a3f144c00,45.8
0x67168517c1d0835147e2bd66e40a602e9fb9cbd9,45.8
0xd5c91f3ef6610dd5b1428bf9a67e3c03323c65f8,45.71
0x009b56330ae5ec5042b9ca46ddb3043cc0d006f3,45.64
0xbc9c92922d98f2896e173b6c197b7fc1674324c9,45.55
0xf0b4fb521eee7561e746a2e01ef933c5a2225809,45.48
0x512fce9b07ce64590849115ee6b32fd40ec0f5f3,45.47
0x2871b76c348e12b88a28cef388d37326e85e2fec,45.0
0xdc914144d4b678cdc72d25fb60fe51add8810022,44.97
0x57c41131600af2d0ea74d7a7ffab385063b89267,44.83
0xb0a4e99371dfb0734f002ae274933b4888f618ef,44.81
0x586e32930ac05127de429bd566eaa2758fcbd9bc,44.8
0xc2a8728496be486950ab1754b8c7fe23f99c05a5,44.73
0x4d42307abb9b2fc8b822d564bc05c505946de1c3,44.72
0xc8355d0e2c265b2fe495ebbc0fc9ad992b40dc8f,44.58
0x52feb9bf6f37bbd01309515feec062632f5ccb2b,44.56
0xa5c3a513645a9a00cb561fed40438e9dfe0d6a69,44.47
0xa010322f3eea1004d16e1687777440b78f2e558e,44.47
0x000000aaee6a496aaf7b7452518781786313400f,44.46
0xdf0635793e91d4f8e7426dbd9ed08471186f428d,44.27
0xff19ad332cc5bb32703a3058c6f93ce177cfbb08,44.22
0xa7ff0d561cd15ed525e31bbe0af3fe34ac2059f6,44.19
0x00809b9263aab2856bf65be3d3bc3fcb9e19c1fb,44.15
0x3b38a44e2c4902c4734c552dd38d1cd6f91cfb2f,44.15
0x4590219b226e50fe8ee023665a087e4eeaec1e1c,44.15
0xf0b22f7e45a223a106c35eda11bd055a70a234dd,44.12
0x03d4695df4b8d321d31c94de8f430e3450f50498,44.06
0xecbc2901efd668a049ec86e847c3a70552d128a7,43.98
0x9389e143dff86096766cd9ff82198857745a8d7b,43.9
0x8eeb3170eea4135b88ec6c058f101d41a29d0cd2,43.77
0x4a2fcc8afeb7034c650e0fbb0fe93cdf97220c1b,43.75
0xa43d0765cbe4d17830fccdb27a77fb22dcd5bb35,43.72
0x298afe764ceade43ba80ac4390195e8d9451d6ef,43.69
0x81da4f0bcea8d330d790da28bf5349d29ad51fda,43.51
0x9b1b504491fc206368bf048ff564249d8a81caa9,43.45
0x6f43578a5bc4c6c893bad3c1598b69d1fdfdc692,43.44
0xe8bf424e047372d249d0826c5567655ba3b72f18,43.41
0xa17f75c6d52951699350f308d1220e2dca7b4cda,43.32
0x8b26754becb2f0b00f64a4345da8e0f53ddab673,43.25
0x736e108bcdd0c48771878caa148c1254689a941d,43.15
0x19360799a15730fac556088793895aa7650ee442,42.76
0x0470f22d198f15514085dd1fe72042d31ecddfa9,42.65
0xdb15485f9d4397a1687cb3f4b372acb9794a923d,42.64
0x9c9550871c8d714e90ee03e610b21f156381bdf1,42.6
0x41c7b33b8e7fec43e4f860f79c2a4314e3c54089,42.57
0x531146f30be47bb171cb2039c25a4ae5d4fe164e,42.49
0xe5c10b9988ce6f1e56cc3a142f2364edfa890ce5,42.45
0x5a7d7d8591de34678e8601a2a25f1ab06e90da63,42.39
0xa53a13a80d72a855481de5211e7654fabdfe3526,42.29
0x2c966676139ff93e16e8814dfdd91ffca9875e8a,42.08
0x54900a355ab53686acc198553665c0fa6810fa0f,42.06
0x2aefafa691982dd8431b03e584988b80c5c0b977,42.0
0x1d795c4f44ade46eff5a12bb70b1c75c4f1a214a,41.98
0xe77552bd37a8703e4c54b4e3ff259418fd28a831,41.92
0x6b790599ea89be7f68268eea87bbba9cab5cfb68,41.86
0x35e283f461a9ca2e3a5765e72815c8d1dcb66ad6,41.82
0x77159783ed219c8dcafb63b2b8d69b24c774842d,41.79
0x3996769bd6bf1f7380895bc969302804b3d3125b,41.68
0xfcf8dd90c50d2f7fd7b292ba6820ad09080442e4,41.68
0x683a42e5b414ae5cf79ece7e369ca5937fdcdc11,41.54
0xd80c8da4b37cc49a5ef4521fccb56052378b1c78,41.49
0x5f72c7ca304679b07c527dd0f245f76b5d62ce61,41.42
0x2fe55ecd0813821a209a944888206cc4dafcbe17,41.38
0x6d4090db32d7dd417668489964c05ed6811671f0,41.38
0xb4f82c737969262514458b802cc578cbf95430ee,41.31
0x18867ec16fe2cb6d5e973130eebf0c427decabf6,41.19
0x425d16b0e08a28a3ff9e4404ae99d78c0a076c5a,41.18
0x0c31b6605686aa26df47eb45af0e4aa6639a5fd6,41.13
0x0489076a0d17394835af93cd62acff703b6814a9,41.12
0xe0bdfb7abb21b4203d25e6b27029a9d423e4f2cc,41.08
0xd03ff5274e6ff0b43cee31cafe1c40324fe5d33c,41.02
0xb2a82a8f0223dcb5020d9c593977e172fb33165e,40.93
0x3bab311d8386cc6ee340bf9dc54deacc7b73ea5c,40.89
0x9e64b47bbdb9c1f7b599f11987b84c416c0c4110,40.86
0xdab02b8a30f1766f05ab309b5ff19f9641e2da6e,40.84
0x0dac0e020ce53159d02b06d062b61c26ef0cf469,40.83
0xb83470cd5850de7e5943c4decc5620d48e4adc9f,40.82
0x904505327ac551de0e33fa33d8c744f8ced5d171,40.73
0x55d44591fc2d4ad7a79df4784cb0d166ea697935,40.68
0x000be263b3ceb55d22ed9b40d7619f62c4862c80,40.57
0xa7615cd307f323172331865181dc8b80a2834324,40.51
0x410c8568c94f707008bb7a5afd36421b0cf6c307,40.17
0x219c15508383577f8adba451c2f2367bc6ceb817,40.15
0x37de9d293350dc3fe3cb7a9339a94ba2b00a3668,40.11
0x7e915cf29c5568e41493a4cd58e8519c1266e5da,40.07
0x9c6d67c5fd1f78c3daee702b9a59183c0f4a9d17,40.05
0xb535ac19df533873c2c640df6cd644cfbf8b5d39,40.01
0xaf9e08f3020e624c945cc446e8759602049cb176,39.93
0x16ad3f1c89ae9042f61e2437fb81736f5d3a60c4,39.92
0xc6d1cbd356faa71447a86c2faa68e6456907e816,39.91
0x639e4bb8d28d477beba288da38696948df14d68e,39.88
0x3d401fb42e2f5c1ac97120eac015dad48713cccd,39.67
0x3825c8ba07166f34ce9a2cd1e08a68b105c82cb9,39.65
0x81f7ef7586c7da8fdb0bb94032f3ad06ae21f644,39.6
0x93d30a4051df1363a11050dd5259494a609ed97e,39.51
0xa456da10f3cb6116110c61d0e9a150a6406d1a15,39.5
0x60ad81273c776aea562faeaa601ffc1680ae929d,39.37
0xecf65013b943b0f15cfc09882d2afa273d0bb7e8,39.36
0x770fb298e70df0eb42235671a53e3210dd2ec2e9,39.34
0x0061cc250c17c9a9f6335acaf1bb94b3fcf9e6ad,39.34
0xa00c99f5f955552742f1089ded88abdc74e67bac,39.19
0x6655459bab7a5e99f2d61279316f6d0a465be784,39.19
0x07326cbe4792e8e3c1f61c66fefee8253eb2db0c,39.14
0x0e0ec712b3912b5601216455a158cf18152cb62a,39.09
0x5104efc872d45dba3a97bf02aebe240dfc283321,39.08
0x91970127fd698b2716c36633ab396a797910a24c,38.99
0x9b4e28020b94b28f9f09ede87f588e89c283cffd,38.96
0x60dc0b25f6aa160ec8748a52f6c360c213454bd1,38.71
0xd24e0a25b7a581d1adadd30c14b009047890e6f2,38.67
0x22b660f6e6a007acea649acd028a8d057c15620c,38.67
0x64ead14ad73ac013dcfa181ca72c13e935fb3c13,38.47
0x4758a12fb01dc7cad5741246b9e2eb59ae1ef38b,38.39
0xe65187714eb725c76012defd18ab7b495fb25f31,38.37
0x03e3702d91098350d057ded0a05095f703bba2e7,38.34
0x822cdf10f5e8276da05cd25bc66b9b7aa7a0fdb0,38.33
0xffbc36636cffeee51593f6f8048f618138b5b793,38.22
0x1b1ef65bb57862c88fb3ca5aaab8746791928485,38.14
0xba2f752f7eccb6acffd73e532586050bf0a1fc32,38.03
0x506b290dec05156fbcafff81b602e4b3717e95ab,38.01
0x1955c2b76b1cf245795950e75eb176080879da50,37.98
0x5632cf9a1b4ac936a3c6d3d66eb75c0344c61c2d,37.98
0x413662ef87c5714c0f91294b3b39f5ec4a84875a,37.97
0xb62675a9aec9a08524c70f9bbe57be4a5de40508,37.96
0xc4b485a4a6faf2a8e17a57f8ed198f058fe2b408,37.94
0x85dc5fc2e2d5054a459890ce992106f58ecfa93c,37.9
0xe5a3d77d7788a83f3549dd7f08fc2aced7e262d2,37.89
0x540b3f3705ea15a75f759c74fa046dbb47d08981,37.87
0xff2bbb591d9ee23259e3e95d931ee59a61b2212f,37.86
0xdf9efb7bfc07b9e7164a5868922afba5042835a9,37.86
0xa7f56a6dd807d40fd24f6e0f56f1bcab7dcccaf4,37.85
0xee37f338220479c8f652e3557f02513bdb11c160,37.76
0x638b8c5c14f6845eeee3dad430385b03e1a66fee,37.73
0x3f70d4927adfad26eb7b1574eea7939d347d902b,37.65
0xcf32352be14b4c39ea7b914f8c302de4d67f0ff6,37.64
0xd441b7e82e11d66b981f879fb1d4720876ec941b,37.59
0xbed4e3cd89918563a9ce4b04cf5379daf566bd53,37.55
0x4bb6d52a4420492c5d90f22fa92ff80ab481d961,37.54
0x43e1f62f0b538ab3d01c33cf16898dc941f03066,37.53
0x1a2d4efc833d4a32728b149b6fbaeb0b948d4bbe,37.49
0x99cd4625a58c27df7616fd4e5caba5803a875cfd,37.46
0x1911e45693ef5787481a4716693909e23cc0fe5d,37.43
0x40e652fe0ec7329dc80282a6db8f03253046efde,37.43
0xbc0c33fff2888a499a519a641a91f9d7dd270b71,37.39
0x285306442cd985cab2c30515cfdab106fca7bc44,37.35
0xd7925984736824b4aecf8301c9aee211cd976494,37.3
0xb9a8deae8115c7d7b8aed2ce4610c54e023e964f,37.1
0x0be0ecc301a1c0175f07a66243cff628c24db852,37.09
0x9eb24c1ea221216158b7908179c13192fee89b4a,37.07
0xb3d77ebc988eb7265f8b145accb27bcf2722ee0a,37.06
0x7284a8451d9a0e7dc62b3a71c0593ea2ec5c5638,37.04
0x0c488c9a8118a5163635a6c7a248102980fda4ad,37.02
0x30887fc55cbfad3487cb55bfe1779f6d2ba1c118,36.97
0x053b7f29bc6d95182f0e54efc86549938878647e,36.91
0xc548e2ec774355e7d14b9880daf8115075c772e2,36.89
0x4f5c0754c5f90e722d78964644bd29687b87c584,36.88
0xb6317af995693789900f85b2d93d1dd0f5deb558,36.83
0xc8b42f481a855fbef39aeb3b65913939c21c99a0,36.76
0xd3609aee138dec27fb63395dc58b5f0c7ab701f2,36.71
0xb16ee2a981cce4c4c075b2bd9406d5074da02727,36.7
0x7c6e177d9613bbbc80557816a19a342136b24654,36.67
0xe9f39293660b1b4919ab39f400817daa42422cc2,36.66
0xb88827b3dc2704e9ee7cd74247b4069615610cd8,36.62
0xe5818d70a9b5aed2bfde4e41fbcb07dd80f8fc84,36.53
0xf62ff63768819731092a4ad392519c7e3f14666c,36.53
0xe7e3f293ff5be247e336f5cdb493c9ace1011a35,36.51
0x3bd856465321ead1605286938493169e9c9011cf,36.41
0x7dac5dcc33e665640546d2db1d3fe88b27e0082f,36.39
0x0c4861b8dec21ea2d4dc1e35ccda362cd73e1047,36.25
0x3e2dbda5f310aade1503557b2e7f356eaf161641,36.18
0x1e60ae150f10a3a1881d17a9f749595030897ce9,36.16
0x6555e1cc97d3cba6eaddebbcd7ca51d75771e0b8,36.05
0xc2dc96ce8fa3eb81477925a20f238911e5f5ff71,35.97
0x697c62503e0e2767741f55ba8a7d62fd78718444,35.81
0xfb0018ad46c669b6a4c0e589c53db27daf7f7930,35.8
0xc9004eb172a1cf5afca47f38bea59231fbe96406,35.75
0x5dfd843c0e91392f96b849db9982a2032456c6ad,35.72
0x5e41408192ccb2be827e5d0d5f6ca1c5e1513131,35.7
0x06f8f66648cac8bd39e9cce036094ef4dd1b504b,35.68
0x82f458f713ac9a366aa9c7e858f69454fde779e5,35.66
0xa7f3dfed2bcf7b35a8824e11ae8f723650edfb58,35.6
0xdcf755207010ef1bc9a82cb4d250d91f2754d071,35.57
0x25f952c6b87d3a9c48ac86b61f27b81a6f2ed332,35.45
0x2d19f32620f647d08fa8b9a0fa5206fae15c0ed5,35.41
0xb3696bfd947104624a838dd0ae1282756e47ea39,35.26
0x6aaa4bb5a36186ce99a2b8f871a7d52a34022408,35.23
0x0618e076e4fe252b1b73a83c239289dc12055ea3,35.19
0x2e81655a6a2b16c38ce5e5f8b5bd5b93e1f811cf,35.02
0xe0eeec7010ac9f74a947d70d43173d6765844768,35.01
0x18c42014fb0aed3e35515eb45df8498af67773a4,35.0
0x8f9e6dd01128cc3c148902ebfa648bfcb68ad1ce,34.99
0x9030b78a312147dba34359d1a8819336fd054230,34.93
0x4272d4cad0582720d2c328b8377d5ab5311c636b,34.85
0xa574c53d63550e535c8b78f0e2a33bbe3c56ef2b,34.82
0xbe746b3639af3d3f3a743318f11ce4073e71f42d,34.81
0xe69f609c75f8640fa034166c63929f2875c01343,34.81
0x23eebb090c430783bf0665478ea6d5793b44a3c3,34.79
0xa4da0f347c6abe0e8bc71b5981fd92b364eda4c2,34.77
0x336a566f0cd19c3379676f8932f26c9b1b1aea66,34.74
0xab696f0470eebae1b17f556c3cc38f968fa9533f,34.73
0xe864166688e95618920e32619753e23175f189ce,34.72
0xa55f6f54f7e0e11396904031b0e870cdc910bf75,34.68
0xef90422ad2b181465d4c50c79018072e1976618c,34.67
0x8662f71896d5770e2991a2e6fc1836c5c5ba3a67,34.66
0xd19604efb40ece1efd6df5de6d3892112b51e99a,34.63
0xe7af3cd4251eadb3102b951c929de54d59bef56a,34.59
0x1ee5d92751c7141798b399dffa49e41591bf3caf,34.59
0xbe8142866be40a11fe0123debe80b8cfb3d62e73,34.55
0x14559df3fbe66cab6f893d8dd53f7bfe68de9c65,34.53
0xb7128fb2180aa8d93c769ee7d261950c9acf002b,34.45
0xd5c1e107e2e7cca9ed66a1b3fa0bed5c80f9ae0d,34.39
0x0e7644049d4db2aeaaea2938aa634179cad5954d,34.38
0x01e7f16e17c50d070eb66787f25ce3be405d6038,34.35
0x626dc1c3a2991dfc91973b68d4131ef8d1487513,34.34
0x6d2af065ccb60c0f7e8ec5907c961c42a3447127,34.27
0x9512e79aa38f53a6a758930400e2494bcb5bbf0a,34.27
0x38fb71db5975ae9adc1842bdc032a7b1ed10fc75,34.24
0x8ce118230fc7297af6abee90836650dcd66a16f7,34.21
0xdfb00d9a518d82c9141506bbc6fb1fe5e727f55c,34.18
0xe80d953d0b4f2931549473e803c95f559b6ea58e,34.18
0xe0ad79cdd7d049c9c12afcbffa33c58e118c48b0,34.05
0x7a222200f9be6d645c9650b34f3cecb9cfbb897b,34.02
0xd84e11bee5d555ccd905817cb8cbbd5b6e6c4f0d,34.0
0xb73175a10dbebd97ba55fa6b869b1492492f75ea,33.96
0x66c7a7348250f453a37cf86410a946f9668de386,33.96
0xd3069c9e486a8b77add55ae3ceb3a4b138fb76c7,33.9
0xa87ab61574a159ee2466ed44dadcd7b9fb292ec1,33.87
0xb806c4d481d29a73e394a7d22de04ade3d1d4780,33.85
0x10aab4b0ef76aa2ac9b5909e671517a1171b050e,33.85
0x58df55d6ab2db99d440241a607d91898b9ffd046,33.79
0x40941f5619974c639fe13fe977fd92805fc10ec3,33.75
0xe82542051b5e3ef94ce93c7a0473082dd3932bd5,33.71
0x3566974231473a3456d2305fea0bb0944d2ed698,33.7
0xcdebcf59ee33978320ca2ebcd433ace6144c63c4,33.7
0x4d25819e9de2a2eeeddca953d1ef0182680a7054,33.68
0xc95be28595eb64485dac63ad14f15e41c94ee468,33.6
0x24e09f0b6e050754a9ddee77d867a786a38339dd,33.59
0x9ddc5b469e02cd486f8f77f3e8fe831468020085,33.58
0x12690cdba85ce9f5200110bdf391567e8635d759,33.58
0x1712808a5d99e8fa244079d50e2a3c46afcafb35,33.44
0x6275515e9cf53d2c16a417eb321bf34ad83e7212,33.35
0x63785c2f4a9864302da3c5890cd55e144056a44a,33.34
0xcde850e02a5d1ebedb5e1d2b177af8770354fdb7,33.3
0x2ac4aed3a8295b967583a131f6214297f1ea531e,33.3
0xa057722e85988e6f58f5d02b7fdb1f630729e6c3,33.27
0x17f780e07e5525c20bf5f22b6c650052fa8605ab,33.25
0x7c81f6ef28412392b7f0771e903490131ab74da2,33.15
0xcdc65de2a7bc4b56d20e98a387c1528e58bf3441,33.14
0x7fbe66206e5eb811173af1317bfa2a7838f4c270,33.11
0x35d3da57064d2f5ec5f0824caaa839a43026bd41,33.08
0x23597054c024fbc6e6c19d6c9af6c6e514e75fa5,33.07
0xec75e6ae612401d4188266eb731697339b9b0f36,33.07
0xd1d972f85236d6da79e628275d5edf3f5332ddde,32.98
0x57db5d6aa783cf29af41330569d24957140fd3eb,32.95
0x8376b14104dbf0642a3c2adfa33793cfcb0b8d76,32.92
0xe670c92e93f88761004f86b28c101cd8b9ca57a9,32.92
0xbdd518b5012d2061a4868b049e9ec488c8d196e6,32.92
0x84d99ef0f45a7d16a61f83955cc3147ffaea9a3a,32.89
0x6d370af6cb556b12a4da961ad69840d88f20f938,32.84
0xcaba1a66f0049ab97256d75eeb48d540a7a1f8ff,32.81
0x4aeee08c3187fa1ae768e6264898397f339ac334,32.78
0x5ce259aedcd14038ad2c35ecaa7b6b2974d339ac,32.76
0x0b013cca6335dd62353ca60ecec9c39b5227d270,32.74
0x206e3058eb8ddae476ca1e3936259209dc01c2db,32.71
0x9d5f75adc1659bc69732c7f915dfff7faded2290,32.68
0x0b9b7a99308064bf1238dff693237429844fa623,32.6
0xb0848a5322f7d5d29416ac07b2df6e0cdb6c50d2,32.6
0xafcdc9b44b3d9725d9bffd6c0b4b58c37d197490,32.52
0x4846e45c101a8339be5489167f5aba5fcbf37bca,32.49
0x85d9d9d822be4d951b020b62502467b109a531ac,32.45
0x8c35b33aec81f4aa0c048b79542ec19b3e905690,32.43
0xddfef50c7919c1f331f6c0d018a277e40d58d511,32.39
0x7185fbff199928cbae71990ecb3cc4a7be2ff00a,32.35
0x520632e2a0744d5e412d940607057712962678c9,32.29
0xcd47c8194c0ea6b938327cb82b4f5b9aa0941c61,32.26
0x3c2cb7943e7d0e42e55de96983a34a732dbb7816,32.22
0x2923be587904f3034ffab36c86c495df3c21bc97,32.21
0xf4698ee4f8969ea513c3d15ab3b7e4814767c9ed,32.18
0x7219786a67c3ccaf08545d8cc5634af1eb869e5c,32.18
0xa9bbd5b83ffc706342555e4a38c9c06b2e7441e5,32.07
0xae3c67b8aa12e458f2b4eafc0e9209710582c9d3,32.06
0x3e0cf03f718520f30300266dcf4db50ba12d3331,32.05
0xc5b1928cef3298a5b27a09055bd57149c19edd7e,31.98
0xfdfd57aebfc9453ffd6d5c34cf8fa57d961a70f6,31.97
0xf4ba1b19e8065adf06b1e168e919836730304b6c,31.95
0x18de0bbaa2ec3dca4451b5a05d4a66cd245bbd91,31.93
0x1fa02e36cb086f2a89adba718c65db7085d16756,31.92
0x724487f080c9d5a808cfb4ef04402c9a4089563e,31.89
0x0118289457e9fd02c05e37e27a11bd09d3500021,31.89
0xc9d60bff572994049821c1f93bb81e4f05b9fb4d,31.85
0xcd0c599f1b6709a026978a75e0ca2021446e2ed6,31.82
0x7a68a38d8670d91c90122817cd0f06212cd4c8c0,31.82
0x445c55b9a5338c45eea6f4cc9c1840883729a878,31.78
0x1929a0454cdd4d925e8fc9b6c366ecd7844866f2,31.77
0x010afb8548a5d1a3a3d62f58ca0a5a1329974206,31.74
0x0d5926184e886db1a736d88f0fb257be3f99ebd5,31.7
0xfb57672844380e3a8352fb34869ce7bb03f81e6a,31.64
0x3802746539177b3e0dbae6b105ee18ddb11298a3,31.62
0x601453dd6c5d5fdefe0287df5ebfa246e2152e71,31.61
0xcd0b262216e710717b8bbb2f28a070e562dced38,31.56
0xc968c8fd6b87874e17e37cb41e7d8b9bbc640c52,31.52
0xeb38616ff63fd82eac754135e2068271ec8a2c1d,31.46
0x23a49a9930f5b562c6b1096c3e6b5bec133e8b2e,31.45
0x89ff1c432d8adf7b4777117f91d58d4b64595ca7,31.43
0x23d6f869c4a64f1e8be35c777fdc523cfabee9ef,31.43
0x8878d85f8e7e73645b92e004f4e557488ab32725,31.38
0xec6e6c0841a2ba474e92bf42baf76bfe80e8657c,31.37
0x608b0012afe1bbce4dde992d53a2075d74762040,31.21
0xf17871042913d86d93d3ad7c5c5ccc5bd60cb5ac,31.13
0x003dc32fe920a4aaeed12dc87e145f030aa753f3,31.12
0xa3d7553397352efb84a0bc217a464e9e114207d6,31.11
0x17e33637f6b64e9082ea499481b6e6ebae7eea23,31.1
0x794dec90a3b9e399aad7839fa39c17a521977cdf,31.06
0x2b32c3ecaf47ed3ad459565c472182f56414c9b2,30.99
0xe6f6f9492098aad009faa3f9b84f35c0b6ee7f3c,30.99
0x47fea52a4b79954fede50ee07b3f5d22696c8586,30.97
0x23732c68e444c09fca1c139d9e90a58217560224,30.96
0x78a083d3ffc762515dc0e168c33f186dca76e45e,30.95
0xb6a115cd4933cc404835279c0c562f67b74182cb,30.81
0x6a76274f50711486ab0799e75150130746ab542b,30.8
0xd8cc3c23c9feb635ba1b18fd449188dda3b086c0,30.72
0xe364d707d9929e1685cfa3914ee427f9d4a89675,30.7
0xf85a551811c40e7ffb912a21efe2c26277be8ebc,30.68
0xe0819c89815a3376e2a9a02d77e4e4a8c8387adb,30.64
0x72112e0b260e200e423367c074ba77493a09103d,30.59
0x91351a04b3365808518d22db2884d3c288a4bbd1,30.58
0x071a79b04021baf1b6f32a5c233c7d01dbde0e0f,30.55
0x68f5924cafc5896405a6501939b938109707941d,30.54
0xaae52afdfdb5d52d717bb114e4bd62b39a949adb,30.52
0x18ae0d58f978054e55181be633d4a6e1239aa456,30.51
0x7718f01aa6a9c4c2344f372dc9e0ad4f09f2a731,30.5
0x9fd31424cfceab50218906bc1b3d87fe7778ca61,30.47
0xf583f4428382f0ee4d4669619d62c498e29d15b2,30.46
0xe34c3fb6f252c676f3697d5b913236ca3510f36d,30.46
0x083674408a89ccbb0fc9653cf93a1de0b017a2e2,30.41
0x9f3226e9de5983804e7003a779ef2e59f7e09733,30.37
0xa218a8346454c982912cf6d14c714663c2d510d8,30.3
0x7a937b0b8d5491fc5d626870c2e4f8e7f46acb62,30.27
0x9dafd2b0627955f9398f65324af581d44958d4d8,30.27
0xe20ee1d250c8d3e0bd140306121001bfdc7a1201,30.26
0x8e5d30f161ba3ebb09dc3c1f06515656af34baa1,30.23
0x5c10afd2e8c8ae7e282aea60759209f32edfe3d8,30.22
0x6ea1eadb60d3c33113862035cf99fdc3854ca85e,30.17
0x212ed0fadf06aa480d09fc1737b2912213ef6ab4,30.16
0xa5cd3bc3f3d34b3a716111643e19db88bfa649c7,30.16
0xbb6d1a9ca8e7f56a385c0808e68627d93193dcdc,30.15
0x6996c784cda7a2841c3a6f579c896477586a1d9a,30.15
0x492ff1c96b398297fcacd6e7e1e968d2b2fc7da0,30.14
0x23b8cca9b21c884a7ea65b527e88378643712acb,30.14
0x71ea19d4c54ce1656d693125d3974fcffda86aaa,30.11
0x0576903118227bbffed05c46271c03590f52158b,30.09
0x941cb0e5466f4d21e13164953e3b740f2dc8d872,30.08
0x0ac56b5c0d8d798e10bce16a43f5959d10416fad,30.07
0x479cb37b53d5eb04b6a337ac3d2ea447619eb87e,30.05
0x797f63620e62dbc83a5bc88c6a43494ded428cbe,30.01
0xe264d4f4169ec460c86019b94e390d3957135b6b,30.0
0xd76d50c82fd63445c88a6922a3b248f8c80ea75f,30.0
0x3cc228f907bc37cbfdc1e415d2129d68aa3c4864,29.99
0xf1bce30fc2f7d67300d813ae91a63cee24238fad,29.9
0xc60c784a4556126720b113e12fe950163427499c,29.87
0xa918add8803e65e97410ec42ae359dfe6663a8a6,29.84
0xaaf4d001080b511df8ad90090c435ac1affc5a1a,29.81
0x39dab51b477cdadee45191abf283ec8b3e4108a3,29.79
0x10aa95a9a64b4a72af7f26ea92c737d99d0d5da8,29.77
0x06d57af6792edf066046aaf958d92ae5558e0e56,29.7
0x9b4c75ce8d7006620df39e8757ade75d6434a6fe,29.66
0xdf164e23284e615ae14db1d7a8b5375ffd0ff65e,29.65
0xe07e487d5a5e1098bbb4d259dac5ef83ae273f4e,29.65
0xbcacccab521ad58d4a5652cfa555ae47c24d70c0,29.63
0x4faa92fa62777854602897724efc8fc004b533e3,29.62
0x602dc1d22884e333fca32eb03105773c3b97b22b,29.61
0x23c1d8550966bf6a1fb04fce5dee74c8dd9eab33,29.6
0x0cbe265011306fd86438c7d23d0dfb1721c20763,29.59
0x7d491f5fccb63261d2a6cbec67e5e8967ed8ac7c,29.53
0xbb22eb7e30b29f5e15f7eea19b3523e80b730509,29.53
0xca8119e97013879b273711e92eaf9b8e387d77f1,29.48
0x70056d4450ddc31a61146fe91283aa3f645ec1e1,29.45
0xb819706e897eacf235cdb5048962bd65873202c4,29.45
0x2075fd8f519895e488fd3b3dab1d41381a1d9ab1,29.4
0x9317e25590aaa62be015aff026702f3b960131a7,29.39
0x01b29eb97ec05b81abd72b77035d99dc1b482c1a,29.37
0x6efd5dbb3e3c96c4c8bc7376aae263d1c0e7f532,29.33
0x5d294292439fb1ee1d03be683dc283c4dfbb7180,29.32
0xf8a099545c0f2c3d3e547c048c2f5589e53b54d5,29.28
0x075102800212aef1077cbb021f710397792e22ac,29.26
0xd8982cf39b93ca723ebbca49efd04d4777a9686b,29.25
0xd7c54a8aac751b5aec70515456d85fd81577e9f8,29.24
0x7a6ab4fe07d4b65a3a3b4a28cbde57ebaed9cd81,29.22
0x8242d744f0d94f3a3e11258d727ec093e2b4589a,29.19
0x14ffae1d2804eaf261586a6378218eb5e7235066,29.18
0xa8f0b0b9ea90cbbed60b615c1fd892099156ebcb,29.18
0x1a78e512008b2fac6cea2b8d8e54f1e304f3cd2d,29.16
0x1564d040ec290c743f67f5cb11f3c1958b39872a,29.16
0x3b62a412a606f0357198d4f362b511416a948d5d,29.15
0x985c0748a95d30ba0585dbc33c4c366a56be8ed3,29.11
0xb8eb4347b64999bd31498d3834833b383d59f4fe,29.07
0x45b7441473c406241c595f85f1b76ceb57eee293,29.07
0xe41086f6e4801bf49c0f9e24fb147cdfaf952a89,29.07
0x11966fd9273654925e0e37a481ffdf7f74567659,29.06
0xe15103fe6728f5176d39b2116291193420a8b08c,29.01
0x3111327edd38890c3fe564afd96b4c73e8101747,28.97
0xe895f40ecf7f32f3c57127c242f961ea93d0470e,28.97
0x972723ab7c0121f8182b5f19a0015959fa776794,28.93
0xf3c97135aa789fd6437d5bb67d32307bd7edac16,28.92
0xbe50cb1788ed7a5d375ec7a9bad41e2cb8161817,28.9
0x95cfaddac52b76da6e858dd0896a46fcdf79e486,28.9
0x33cb4d0f57849b5ff7c91f8ac3e2a2d4fbb55645,28.87
0x9bb36404df5455eeb80205e5730631c6a1d64c9d,28.84
0x381a17eb78501498fa183c81648b4165826e1af7,28.84
0x0ba43bae4613e03492e4c17af3b014b6c3202b9d,28.81
0x7cc696a7734f459d55d1b4d716b1f56416f0c21f,28.81
0xb476a9ea9376b04972b40b40a4ca91d3e5f964a7,28.78
0x5029259f5f4125d6517c2082b8b942657af3b509,28.78
0x0e94f1210151fbf7003924efa56f4a73f8f8f507,28.77
0x3d1a8bf4b5db60f71386f1e714c1402ba9476242,28.73
0xfdc30eeef0e0bd0c778df4f296e16584e6de7aa6,28.73
0x98390dc74aa2195174d937c92ec69bdf7e74bb6c,28.72
0x4a02314976a755cc5b7b2482f25170714e903a30,28.68
0x39b8e8bc30bb95bdf45a623d5f6fbf2c47785a41,28.65
0x2025a9196d6fa1011080845c6877f6460cdb302b,28.62
0x1954c8cd151de0d0946fcc1e8a97545f711e2380,28.6
0xfddc634939d034bda830fb7929e115747ebd9574,28.58
0x1b2b76f9f77b57ee2034c591cc143be803d6b0b8,28.57
0xf6ad502ac34cc67f3a86b4e6a4ea802409b0af28,28.56
0x737284cfc66fd5989f2ac866989d70ae134227cb,28.56
0x80cbe79db5cba89d98b751d706f76b7980176293,28.54
0x7582ac6dc157ed93da48c46593daa011b99e9e3b,28.54
0x4685bb0077179b45095a3c2a175acd9b3cd59d1c,28.52
0x002f9caf40a444f20813da783d152bdfaf42852f,28.49
0xbeefdbfb1747399fed162c3b588d43a094353bd5,28.38
0xb587e5af7d7131d5c0de77efda2979951dd6889c,28.38
0x60c514df3dd8bda1d67ca0f6e2d9184f4aefb279,28.38
0x2489f833f1c3b7458177993de1edb274b726d91f,28.28
0x419385075dff229926a63812ac1adc397ac32e27,28.25
0xb3597a560e312af23349f599c3318b79e244ef72,28.2
0xe7f581032d0937b0bd2b9ec6dfe1ecac86326ad4,28.19
0x9fb42f7dd10ae05ae505e76b52fe0d0f4c0b3107,28.19
0xd593193c672f5a8f999c0f3c8f2f46521fe84691,28.18
0x20aec996ce9d508a7f51b2a217bf6a87b6be0ef1,28.14
0xa4f965e38a7d2795f43eebbed1c160319adbee04,28.11
0xb0973dfe732ac86c20fd2d62ab68b6bac9eb376e,28.09
0x6eede1c561f85f99aa5036bff1a950b615bc185d,28.03
0x8fdd427fdb9dbdc5d2798cc6711b616467a802f2,28.03
0xcbfd6ea8537b5a558aa058b603aa1256047f2ad5,28.0
0xaf4d7e7b9deba33b7ae57d08bd8eae8ab55d8254,27.95
0x301db5e7a068874b2e2603eb8839371b4dc9bdcc,27.92
0x3f3a206662db588c741f95fccdd74d32ededbfff,27.89
0xb9e5436ccbc77b8c25a3fdb53273cfde1e85990a,27.86
0xd3bb48f4f01876783ce5f67392c1fe05e1fa0918,27.83
0xee68dc68913ee5606608c90d9b5db8ec4b12774c,27.81
0x3b06bc7b205f1a827f6504244db7a8f5b0bf7dfa,27.78
0x0c0b74126f0d4868750911d18ca74a174247ada6,27.76
0x034b9c0f16f18bd15c97ebd886972c5cc1513e7d,27.74
0xf50d996e676b13e073e56ebcb979776a5103e675,27.74
0xd6d30f186e802c1558b8137bd730f7f4aec17ae7,27.73
0xd05955436368c9659b7a1bdf8f0427ca8c193b11,27.73
0x39799c809acceedc3a0821b99ed495102fb430cf,27.72
0x11e03d11ba8328b345e21a9c6ad442b64ec85e11,27.71
0x4952f5dde00a0677365e42d33bcc5a8abd4e2b43,27.63
0x7d07167d55edda306f7efb9a43a15a9b899698a7,27.62
0x0385f650cc068367fcdc2f9f739766f82405fd09,27.6
0x2235cd349113837ffc6d3e41ad8f64a84f3d20e5,27.59
0xd8c687197886426fc68ece9f289c886eab490f0d,27.58
0xc08b8d37fcea0a2a3cf3b7120995577b309ec33d,27.57
0xedfbdcacb9646e3c017321bfbc8c1bf82a8fc12f,27.51
0x3186ecc1be7c22a5bdd873cd3937a0c98021eee2,27.49
0x9e46ffd82439c6c6017541bd4ae9986b64eab5a2,27.44
0x30c2cc2a570378e2422fc75acd240978dfafbda9,27.42
0x84bb78991e2b60dd30497f8ce048aa68a4b259bb,27.39
0xe2850aeceac7e8d955813100098606bfd1a01fdb,27.38
0x5519b78b0f40d62a110c787317a9833f36d937d8,27.29
0x6316ff9d2c96b6b122e0dd632ab5831e0bf5bd10,27.29
0x88512e57cbe0926b034ba5437d07320c97dea378,27.25
0x3f3e7cd8be447aeb65c05eb6596b03e8c8627803,27.24
0xb78dd918b3f9fdb66b9520b9d0f1f7ccc449aed4,27.19
0x8a2f5d6d822611bdab08d306aa8f3e3942177417,27.19
0x32a4edb6edf93286fdfd6ea485d02d6a7baf4c1b,27.18
0x9f48fe3ec6620e93fd90ce0a64e1d403502597f3,27.18
0xf0e2c7e7266fb19f8a4118670ce50e95c4c87790,27.13
0xfea0904acc8df0f3288b6583f60b86c36ea52acd,27.1
0x8af82f495137b95e59cbccecc4479f1e07df5f16,27.07
0x1699bcca0cb5ee41049d5e3cbff75c31bc0f15cb,27.05
0x88856d6ce40d223177c0b345ca1f74a089bb672d,27.05
0xdec7eccd6e1abf4149b36ad5dd53afaf20eaa1a7,27.0
0x4d447a38edcf79f3ef588518413a55d717a93f9b,26.99
0x97a8b6076ed6164df582e598dfb363ffa770dd54,26.94
0xda17b5106ceab831cc1800b491b2862a0b950479,26.92
0x4a05b10f49cabfec5c8d41b804fc6a7303efe02d,26.89
0x89c15e1e3c53dd550c7ca64091d31db92bb94aa0,26.89
0x7bc0ceafffc2f2322f07c3058ffbcc2fa7c2af7d,26.81
0xdbba7dd8177011af247adfab3828d6ec6a472bc8,26.79
0xe77884cddf148dd5f0e9191b33d8dbaddb16dfb5,26.77
0x9edc97c4f8f87ac6c178d1a50db7bc60a0c4a491,26.76
0x41bc5e34131559048b12006a5a8889b122a1d57a,26.75
0x961a3e75a448500f3403d72ed9a7008e87ffe0b9,26.75
0x7b2e78d4dfaaba045a167a70da285e30e8fca196,26.68
0x893425f1e71fad6646eb70dd17a5f808a012ab4b,26.66
0x41b96e9c6758d12a7a1f67952466b2e104532604,26.63
0xac2ee30cbfbc1666be74160dd1af17d32a1db30b,26.61
0x2e2e054353a54f98ae44be6b4a6883a597202e1f,26.6
0x627c5ca5b6a3b1985c6f9aa8f11d4f188debfb97,26.55
0xfdd43923340736ffbcb31c808ac644922c1df05d,26.53
0x3979f8fd1176e266c0b8497ec74cbeab82949a7d,26.52
0xd5dfe862ded2ecfa1e7831476f9dd7d4080bdfb5,26.5
0x2577a8539cb2194acd72f035dbb691ce5f406d3f,26.48
0x165f43003b24d1f8a241ba1883da28eee6a9da94,26.48
0x77d8c672d9fc98e44a036b2b24f51a9613da7e41,26.45
0x2b11b02f5b32056af20cdf8a45d4f680b303b3a3,26.44
0x1268757e441481ee97f99ba28d624f261b3c14d5,26.44
0xbe3c31d861cabc76625c497f516a7fc46b0f9c8d,26.43
0xb082ddfd74748b763f52f04558e5f814a56de67a,26.42
0xe7683d0562086a88c1b9b32f8763e3ae6aeec502,26.4
0x0aa9a18985ad0fe87d5a5a023be561eabb5aa8da,26.4
0xf1911233a1db7450339ef1b14866e8b9f98b3e7c,26.37
0xce9d0fce9560d8ee4b3fd9a2291635ae9843aea5,26.31
0x7d8e6cfb1b8709139631cac4cc458f63611ffdf8,26.31
0xc6ff1210245189b06839e68162d362311b815eb7,26.28
0x7a75da34c346f244e54fa2f71b25560efb1f9b20,26.27
0xf44b95991cadd73ed769454a03b3820997f00873,26.19
0x66a95cb90a908a2aba459e0dde676934eb4548fb,26.15
0x9080860073ad25e31ee3bde8114ac5e7ec678138,26.14
0xcd813bc6cc37214897d5bc60417abcf6901afa49,26.12
0xd9a25a008d5e5973a7e439002327a62d56adaab5,26.11
0x4fbfb17d55615edab01ab4245cab1edf3d52069f,26.11
0x25f5767d16002de565951051a2d0407583b22e6b,26.11
0xb1038ed65cc501c69cecd2ac04bc0e788c2b8a85,26.11
0x6bc497332b40127d7202dc3bd9a9ec9b42a0108e,26.11
0xc32692824940359d2eddceaf06ff3a64a16734fc,26.1
0x38caf77dfe8e588ec4179b8c395644312fc85c49,26.09
0xd70ad9c99996e46c11e018cb6f7e19c00b592359,26.08
0x034a4081df0c5a039d05113a7d0b334083a7b084,26.02
0xab95c29198f082b86c2eed5b7c18aa5b80802394,25.99
0x6365ca7eeac872310727dacebfd5c31fe9ebacea,25.99
0x72af4a7f781c35cc7c8d4c5042ab7a306ac8df3b,25.99
0xe5c3f63f8621b75fb6c4148180e265a75f5d2995,25.97
0xd0e44af301a899f299b7abf6bf3824f1f222f6c8,25.95
0xc6363b9eedebf3e744d0f4c6ebfe7bd127b6716c,25.94
0x6fce8581682444974f493b4f188b089403c9c4ab,25.93
0x76328440d2e9ccc4a27244b09b2b3b21ca51f896,25.9
0x48aaca81c945e1e84da4d662e0de579522bef4c6,25.9
0x076c95c6cd2eb823acc6347fdf5b3dd9b83511e4,25.9
0x1b5dbb494c47bf7ba4ca62d13e2574df7d42e10e,25.89
0xb7fae29a6455417345fa2440f551482f9be6c802,25.89
0x5d76a92b7cb9e1a81b8eb8c16468f1155b2f64f4,25.81
0x4527c75dfc50a5390dc663f81b627c39e7b9acad,25.77
0x35e86d472d1a2e37b9dbaab9677230605c6624b0,25.75
0x53c404d148a5c7c164e259f07a87429ad79c00e6,25.67
0x0a74d136fafed0f8d58ce4b7307283695ec7a0b6,25.64
0xd7053db54a65f4c0e8707608b11ee1230951e387,25.62
0x9dfac9bbe1119da5dcdd7b095db40920cde878ef,25.61
0xae5fb390e5c4fa1962e39e98dbfb0ed8055ed7a9,25.6
0x388b93c535b5c3ccdb14770516d7caf5590ed009,25.6
0x197a78fe1bd3bbb64c1325c027bde8f67bac1770,25.59
0x3591d261da9ca19d83de5028d4caa02f22aaf9ee,25.59
0x546a5c457bdec70112c149ed280c7b8e8703a713,25.55
0xeb27ae58d1980d4c5726409c88aa14e9dd733fc0,25.54
0xf3061977e324ac93e7621f397dffc7bc78489fd4,25.54
0xa5b65d4a68c1c71aae3910199f4ab266f726afbf,25.53
0x798342e1a0f01c5084f28c122f5e391fcd47e4b8,25.51
0x848102e06b5f603c7eca9923f8da8517ef99b4ab,25.48
0x6a8ff90e596e037b2ded3881c19ab4fd1727a0c8,25.48
0x61f9f97700d391d875fa14e020bd6f1e862ca10b,25.47
0xfaf95953a36ed1e8f8426ab5b7eb53da246e3476,25.46
0xbc5eea869e6a7a30aa41b3b83111aedf23846e33,25.41
0x7c76f4db70b7e2177de10de3e2f668dadcd11108,25.39
0x823b92d6a4b2aed4b15675c7917c9f922ea8adad,25.35
0x3ba29748eb972967748558c25e62a9a0c040f879,25.3
0x9418f78a010e66af9ac9a0fc569a7cc52a2d2ee3,25.28
0x0ed322e95b38380e6110e11e96a01a9d086cf4af,25.27
0xfeed2ebfafec07ad46233eb2930d8c545ba01441,25.26
0x24a8c6a987c8249bf507dd7638bd832b11a5b65c,25.25
0x0249709880fc44b72f00abbe7f6120c9a61bade7,25.24
0x7bacf22f747f2f4b983081c0aa76dddfecd008ab,25.22
0xf189bda172ddc4b6250b8c2cfbc174af18d3ad29,25.22
0xe0273391e1ef99e63216535b65739ab9154bc887,25.21
0x6976b21f3c91bd112aa41a6ef9be5212852db6f5,25.15
0x3e7dd7df9c1ffd12b8ecd94a27472bdc4d87ab7e,25.11
0xa2a2425b245c974c38046fab0ca46d1d376f8caa,25.11
0x9389d9e95f8d409b1e6ca7085f0ada92e546ee5f,25.1
0xb7992598ac932fe2626d68a79bbd099fc293828b,25.08
0x49a1eb39534f378722036d41d3ab5c92e86b55cf,25.07
0x11e658214247565568d6a0c0fd8e54c58f0b27d0,25.05
0xd7a5d688b07a997fdee9896289f9d7d0f02c1f74,25.05
0xbb3515f753b0172fe464f2c4d7193840c08b77c7,25.02
0xebbcc9b60e2b819f2758c205c8cd986133d21005,25.01
0xdfdbc9fe64f3020b8440deb6c5db544a89aaaf04,25.0
0x2c99d50eb4daa1d26b5ba0b1daab58cbfc0ac3e6,24.98
0x30ed5773e9c1023a266483d7860a2b19fa4c736c,24.94
0x4f3a36c91c392781536348c03dfb8f6e265c277d,24.94
0x8782696569cb4b825f6f1fb457c14dfb823187e4,24.93
0x3173acd056c8d6bb3ec849d3f6ffa90b8fda208b,24.92
0xfde695f57f1800f6a6012038ba6263f436b3cf68,24.9
0x1e85027191716fa61d97483f26637ba8e4359929,24.89
0x06a437b2afcd7b6261bc26399b30f0102eae3af0,24.88
0x04e9e0115ecf212e5e5b544e0a87c190da992b1c,24.87
0x371ee509100af3eb863ed61b07825a50b60ab5c3,24.87
0xdfcd4f74729d858f98fe0028d05b27226f0e8bdb,24.86
0xe7186c0c4e6b249a269bd7fa3c3e1da54250c18b,24.86
0xb6d94226eab23ac1602113bae51e0f37d92a50bf,24.83
0x44690cc3c6a8098406f2837e9e1780f32f0b3486,24.81
0xcb59db511a5922303cc867e2853d5cad72698deb,24.78
0xd8d8362933443286a44fe95ec85d9acf58a056bb,24.73
0xbcb3e4407d149f26e2ee3938faff523e343fb974,24.73
0x6da15bd6f54121a8bee66543c4454573bc1a19f5,24.72
0x1c0a8dd3c93f348a25f8ab4dc9a98f1d11b66d5c,24.71
0xc373decd953ed7e4fd78f4c39aa41a44448fb6f1,24.7
0xc66adf81f5002a9f7d8f0e3ec2a523e4a628406b,24.69
0x6cf35dd90be3717bf155dbb5db99477b5d84e368,24.69
0x8233b9df7afc7057dd3f670b81f394ff21bbbd08,24.68
0x7d09347a8cdb74b93a74f9b66668a596773f5fde,24.67
0xc5c04a665048403b7d7f4f5f1b165cf64385d9c7,24.65
0xbbd6d2181d9ebcd98421cd336ace3db6984f4cdb,24.61
0x40d83d66673ec330c3cdb45b6ac9eb884d262a71,24.6
0xef764bac8a438e7e498c2e5fccf0f174c3e3f8db,24.6
0x5e60c0a931d1901895a3ddf87f99640d4bf50403,24.56
0xa59073c0e036edbdb5dc4e88f42bd9b32d6e968b,24.55
0x98d29f6b55b59cef1d6c4c9f9b065302989d23d1,24.51
0xaedc687fa5376d2fe9d4b81ebfc8c2ba30ba54ae,24.45
0x0d7c7bb9d42d6fe0008873e862fa03e646da0aef,24.45
0xcce25be0e833dc0ffcefa12bf1867a972e15bc2b,24.44
0xdd5bf2495556d79b8c9c5c226c4b95f957be84bd,24.44
0xb36d37110417c0ca0b79b5d262868cc9444f7550,24.43
0x9709a9f77d4349e1da4220f1458fbe9339d612e3,24.42
0xf6fdee29e3a14610fdbe187e2d3442543cfa45b8,24.4
0xe1b0e71dfbf82eb2521ed94508e9b0b6eed6a634,24.39
0x86b7008723acc82651374ba81b951b2a8413743f,24.39
0x005839abcf30fc149dbac154d62cf00ce5a18351,24.37
0x79000ba35ba7578e18875d3e3cb90bd5aad24319,24.34
0x4af973f9c9a8404f43980362ed0096ff521845ef,24.33
0xe4f60f6fe872d5b910e72a11d09cdcf3780d20db,24.28
0x15c423e2c5e4980d556acd3a02ccb160d0a1d03a,24.26
0x8510e03762a1b4ea8c6118048f50af0a28f88d12,24.25
0x07a8d11850bc8851f0d1a38f2d2a5c0858eb16f7,24.25
0x1d419c35db08d8bee2328e70251ec8766a11d71a,24.23
0x6a84c6bff095d29d9618ea0b3fa6bacb37e640e6,24.17
0xea398010f27e03b33cb022d076a41978561e845d,24.16
0xe4e9bb2c6aabcae687352ba00214771dcd538a35,24.16
0xe866ece4bbd0ac75577225ee2c464ef16dc8b1f3,24.13
0x7909c2883db0f3a7c2e36c19db241aa238a8be7a,24.12
0xd4eddcef8643be102338e1d967d2516bd8904fef,24.12
0xe5998869c7ec6b901bc99eb4ea7c38fa5020f4e6,24.11
0xb3de746d56c652ea0390233a135a4011cacd9be5,24.11
0x1057bea69c9add11c6e3de296866aff98366cfe3,24.09
0x906c943594aa923b38e7feb914acb99ab44abe75,24.06
0x9c671ecf42501c241fd317a04b38e6c894f17b52,24.04
0x81dca6497abd7ddffca44cacc285011891721cd0,24.04
0x7a1437563a366169ca566e9bcb1f7482bedbff14,24.0
0xfdadbe4c8fba7bf5f2fe1ecc82cb55f14ba379b9,23.96
0x0215c1aa89283d755c6a79d99153b907dcfa73a4,23.94
0xffdc0c7dff4bdabc76e69f1ffd0c11d54b21369b,23.92
0x334ff7580ee92bb13d744cd309925560877122a1,23.89
0x3b2e298b401d1e11ce6ee82b54792ca435ce81ec,23.89
0x2a4e6c78f12333481a6d932ba526eb56bd64f008,23.88
0xa87259f8e14364953d91f8541a7ba0b32e5e7008,23.86
0x5081891d84cf21beeb950b59e445406328c61aee,23.85
0x848769e27677cf08059581befdb65f4af3d69b82,23.82
0x029d68ff4b05fc4102d8caa77e28c585a32cdd16,23.8
0x5d345ad7e348fff3a339c61d6394ca24b094f939,23.79
0xc2171d1973b2f1044fae18c48cfea0e243f127ea,23.77
0x8963aa42efbe6efded5da05ed11755b7a9701bd3,23.76
0xf94b3aa4415a14b289e329f9a75323656a2dcbc2,23.71
0x2f47eb00b241eccce85f369a024742186920e111,23.71
0xcf23abf7047685fb020ea16ee4feea3a195edcff,23.71
0x383f42b5de515c564641f65f5da3bd8b4a35b4b4,23.69
0xecf76e6901832b280502aa051b60536d0368dd39,23.68
0xf7ab7c10b2ae4b4d505b037c987f8a59ff69ba6f,23.64
0x7a1fbccc781593de822e0547f8cdc6210c982d61,23.61
0x009b6817807c332b9445f5c9cf2ac94631fe876e,23.59
0x4d37f28d2db99e8d35a6c725a5f1749a085850a3,23.59
0x1067eca4d06c0975ff56a7ccf3cce59d18f589b2,23.58
0x6e476222618bcf99e2cfc5ae817cdf0e89a65f22,23.55
0x43e2f47c9c38ffb943d6efa0771031306cb1bbb8,23.54
0x012c5450b22a626a810d376d5519878a914c3f2b,23.54
0x1accbee5f8cd31bdf1d847351799a2e1d74900cb,23.54
0x153e016b77a1a0667af61c05187897075d526781,23.53
0xf4ae6165c3e05ae7426c5b5200e8b9a7565ac595,23.51
0x58f39ef71b86974268647df973b998baec7dcb28,23.51
0xef73776fe0820387cb210c185d440e60648d53f8,23.49
0x151a64570e4997739458455ba4ab5a535fd2e306,23.48
0x49c03d28a7f7aa13ff07efcc1fff517b90a5c0e1,23.48
0x403a4dafeb9f30af465261ef0aa01f8c12441f09,23.47
0x2baecb8677c5e8348765fc3391951304b1ccec15,23.46
0x248d09b842142ed5e4ec79d95e62baa46bfb7738,23.43
0x1261cf753c2006ab2455fb8fdf45c549553984d4,23.43
0xeb7f712da1b63321df34d12056c94e97aaa99939,23.41
0xbf7faf866f2a4a003216fa224fe75bd2737d86ff,23.39
0xa66aa61a67ee8dbd4a0dccd6fa6e3b0aaad49bc0,23.37
0x72d9f391dfc352105b8aa391475007d4bcefe1e4,23.36
0xf48e239bacc7cfd731570796a3aa4f324139c888,23.36
0x869ec00fa1dc112917c781942cc01c68521c415e,23.34
0x98e28650cf30e5aa1b7e9cdb258522ec3cb57614,23.34
0xabe65a54b5b5db177434ef4a84cf4b1512449e0c,23.29
0x4c0e1f1c80090b6749f757262c267246aa3ace64,23.27
0x26a605650c980a61d0d4269eeb015a81061dec26,23.25
0x99e39611e125ad59214ab8bc62c2e79ef39d1ae0,23.24
0xc691635a9702d8a7a3a3b69a96623739be260965,23.19
0x6124fcd7d9abdcbdd0ff8c704a9bd35c05add22e,23.18
0x1e8a74cccd6d6c3d4bd33a5e863f039de904e9bf,23.17
0xafdc7b014631bf1fc2fbfe91fb4fe2effb463bc3,23.16
0xe10746aeac9cc260afe434951bbbc48816ad1b71,23.14
0x269e30242bb6edb87092417399adffc7cf3015c0,23.14
0xc78f3ea41dd17d51113045c343e3a3ac5ae895ba,23.11
0x7904adb48351af7b835cb061316795d5226b7f1a,23.09
0x7c8a61537c02afdff15ad6ae7d51dd25edceb0bd,23.09
0xcad9102134c811f515744a54a84142a89fc57100,23.06
0x53c3f93d5146b3c1dde50d20e6f0422747fb5b7b,23.06
0x6f9bb7e454f5b3eb2310343f0e99269dc2bb8a1d,23.01
0x066e49fbee0561d08105e0d64a83aa4110b3b38d,23.01
0x4f239dc9aed5cfed050d5898865137120be0bbbd,22.98
0x92f63630adce6948ae3fed5701d46cd5c62c7305,22.97
0x66215d23b8a247c80c2d1b7bef4befc2ab384bce,22.96
0x14c45cd15d33eaa8aa149e3ca0e6924db143b08c,22.95
0x568238900d9e830fed95610f0c94a029cf18f559,22.94
0xcdb785569b4b5b7832af497e911ea893181bdb74,22.93
0xaa08f12ce1c3a9fc7db96378f1a87e4a7dc58854,22.93
0x6cbbd5d5e3f71280a568823adee4b18cc1be5e32,22.93
0xc15792b8578fc26c10de7f88191ecff579151866,22.87
0xf86b6d7c82597de4441c4d3df218824672990fc9,22.86
0xb528c573ddd7acaba1a1da77a4fd5a1ea4a32990,22.84
0x9939d74f7cc25f93dced7c9fa2cb8c76897f21fc,22.84
0x172ea000fe0e1bbbde64b95cb11dc469a880ea45,22.83
0x7ed40353909c23fb61bc2bb29096ea1bbe53f966,22.83
0xf9f2abcc9df889794b60f0791a784f5a97d32920,22.82
0x53738166c362470e3d1c62811f99798434025d3d,22.8
0x77feecc45fa31f2639d4c1cee0ccbf138387d79b,22.79
0x505e20c0fb8252ca7ac21d54d5432eccd4f2d076,22.77
0xcfe638ac45cc776cda727b3d388bc7bf0219523f,22.75
0x2c0aa52cb877dfb26d6c83c72d6f458d6b8f4cb7,22.75
0xab8791b0ae982187b4fb4ae4612bd4c29ec6c110,22.73
0xaf7f2ee8a6ddeb1e4b0fbdc8b0ed294e0a8bf1ec,22.68
0xc608abab7762e4b14b5693d8aeb4e848551a0c9b,22.66
0x7245386b3e4d58a34eabbc32879dd95f0df697ba,22.65
0x7ca271ee2471982f3463e3040bdaf075900e374f,22.6
0x0558b7a135ccfe3a59de45a239ae3a765d7ab1a2,22.59
0x8e831f16c2aec702f3ef81f2b6ae70dd19fbe08c,22.59
0x3c87b4c34abdb615bd405458982e1a2076d24111,22.59
0x6c5d0d9eb1243903775ffdbc8f5d29b04ce3670d,22.59
0x672af09e60806646e9df0411b31aa8bfdd2579ca,22.58
0x57e95fef87149570fc1f4c8a1baaf57aa45a89c4,22.58
0x776ed050c380f57bbac5e1b169a98d88624fb55f,22.58
0x449295e140ea4a35ebdeacfb47c52a7df41a7d81,22.57
0x42075dd2fd29bc6a10330715631df6d8b698ea61,22.56
0x6ec62454447b9adacbebbae86687707a786c8530,22.56
0xf0ab8776883df3bbda2c8f27b2dce8b3609d88a4,22.55
0x5d6f8cda086a0837cdaf10e941f3d1d5e3e5531a,22.53
0x3c906129446b9a0a24b6e221b938cd207c20c521,22.53
0x96c8e2a1eab72eea758b6694fb2217c4118bb803,22.51
0x70d1b1caed2d88b844dc87ffd5f3058247090732,22.5
0xb6cf25f5cf8a1e1727d988facdd47f1dfc492caf,22.47
0x2ef93004d7163b712ed557abfe75c464f308a53c,22.47
0x0645c4097ea0a49111afbc26b58612609183c927,22.46
0x56c935cac3d870b385724cae5eb8eea1505c777f,22.4
0xd918fe4229e53ecbf53de43c2a5b5e3aa735c341,22.39
0x9df66a182d0d49546be917d8459ebdc66bc3cd23,22.36
0x372cc010c6677434739398463c6bc11e995ebf26,22.36
0x7c9ae5bb6203f388364905583544a55f88e4682c,22.34
0xe99f8b84c5b7df01a9f33c1bb0a857aab20f61ea,22.34
0xc740d60f7185a7f315d480e84efad02e76153d2d,22.32
0x5c92463ad419c1a1d832391fd285604f529c2670,22.3
0x1c7c13756d70a3150caaddf10861eb11634d2731,22.27
0x18ab13f62635bec69fcc1d2ce3dbe5e0bdef1b99,22.25
0x22980545483189fa00cc8fbdbe4fd31598f217bf,22.24
0x6595732468a241312bc307f327ba0d64f02b3c20,22.2
0x4574463a0d7d14eadf351efb2bb2782d2f496da1,22.2
0xdb88b5b0df1eeb8d30263b7a1b31618b0bc61e3e,22.19
0x339cec7dfec9c95bae4e445e4af87de8c89313cf,22.19
0xfccb964c514c12794509ed62fa274f0e284cee82,22.18
0xa47f3ca11de68f500355dfd12d8c1b0e4f264f96,22.18
0xbd086f196c010be4d487a6cd54dee584439a54ac,22.17
0x47486720f580b527fcc7fda72ffe1915f8c02107,22.16
0xbf5b9bd197e9dbf3f2ce58e5b1c35b1bf383b5cc,22.15
0x52e79f93cb3719d3d35dce0828244d2cc6904120,22.11
0xe049dbc31d140cbebbf53d5e9a7d3cee62fcb469,22.1
0x84c23a698e9ff0a533fb3897d6832f8ac529740c,22.09
0x131c09a5f0b64993c5aa4ac0ac07792856135fab,22.09
0xdcba6c8d1eb1b8e8f1326770383e1026178f34bb,22.08
0x84cee9fd767980ff0ab1bfb91f6d938613eb2c0d,22.04
0x793acdce9db7bc3269513652923d543b4818e817,22.04
0x310ce0f00b0d64989da96380a48e4409079c8d8e,22.03
0xe25b6d71bab6d363de5a5d20fbfd6e507760d3d0,22.02
0xa82e4d575e09de36f09999c85c2d7237c957374a,22.01
0xd423381c0d2abce626384e09343a10c4e94c09fd,21.99
0x8877bcb2223682048badd5b09b7ee5a8fa2f3424,21.98
0x368c98027725a1dda451811d611d9cd5476b3524,21.98
0xb3375a5c855d36c895f3c00e681be1094a5b9d4b,21.97
0xbfb7a43169b206e34d582f86c34e80347d170e2e,21.97
0x469880d6013142ce79e6b795e6a9f3f564feaf7b,21.96
0xefea7656b79d8f5cdd4efe28ddf71855d9c7f447,21.95
0xfdfbb7bb1a8c9170729e4da73c73bda3e85469a7,21.94
0x0073c423a0b5d88b330d481301025db1ab65d891,21.93
0x0b1b69d167c2a8178e6c2372ae3cda6d390239cc,21.93
0xb58f9800f74fea404b58f94ca3685d97e4fdfbed,21.9
0xb99cc7e10fe0acc68c50c7829f473d81e23249cc,21.88
0x4a356df984fd39a55ac7b7dd8ab66f4da66fe5fe,21.84
0x3aea1b278b638b8517bbb14b1366abac7f3cd90a,21.81
0xa900f41187fffa3524ba8243cd1570bcb338f710,21.8
0x9b770e4300084059fafbca51adf7a3177d30723c,21.79
0x1b1bc8b714737c8456a0590d307d73da2a4d9249,21.78
0xe46ef6511465e07573e83f98a4d6a9bda544c3ce,21.77
0xb4427280293c132fea5f4214782b87fd2a6c0b2f,21.77
0x80559932fa7cf2707b40f4541fcd93eec4ab4266,21.77
0xb4dc65f8ade347d9d87d0d077f256afc798c4dc6,21.76
0x4adfc40e1da6d62d93ff2d650be536c969af550e,21.76
0xf84dc4cd6e5eb982cc6790d38842905a06174f8c,21.76
0x892b627053d23e7d65ea818b2d5018f526b90ae6,21.76
0x4fe094231437a8f5db8e856eece5e19cd346d689,21.76
0xbf708ce00c8825ae23ce0d712cebdb7621d670cb,21.75
0x7186ce946a1bc87680ff0ed8e5d684ad27b3734d,21.75
0x42445e53dcecf6fc85844258a4714b2a74f4e5db,21.75
0x43d0f5e1ced68bd9ae6960407d87dbb09a9351cc,21.75
0x380e92c897b0856cc4ffdd0accc21ba01c9327e9,21.75
0x45ce9d7bdadb704c68242118e2b8586e491e5c51,21.75
0xac10c41ae246f2acaa3eeef2cd869faf58513e6d,21.75
0x4e421e523db0a79f8d55dc3dad8304f56a7d0213,21.74
0x520ef574f275bb54bac66781834a3ee20e9b6e3c,21.73
0x7f60451418c80eaa4a021e4efe2c53214b1e3399,21.73
0x134d7706f8f542f611a785cf30c693df302f4f24,21.71
0x9079a0a7e0ebee7650c8c9da2b6946e5a5b07c19,21.69
0x0222ba0731fa7f3c3652180a6fecef7075b632ad,21.68
0xe028ca95d7bc5ff69e8154f7ab793fb206ec6429,21.67
0xfff801e0bf28c9582420eeec66830c69c5670159,21.67
0xf05cbe0ee781ab4432ecd5f6e5ad04551d239561,21.65
0x9640a35e5345cb0639c4dd0593567f9334ffeb8a,21.64
0xbdb78cf560861ed2bc56b1847e67a011666d16a9,21.63
0x45a9681f82a2ff9e9da45d8bef745416c51494d4,21.63
0x8b5c2387ba1f401a8f1d7eea37fa8f9fea6969c1,21.62
0xcb937212f1dffa4dda6837cddb4788d1ce5e0251,21.59
0x53c19cf633c65adb9748f884dbd84bd4eded3fba,21.59
0x5d041980e76e766c0b8ca414c4244e75942ccbf2,21.56
0x22613c2a7c378868e3beb6657d0853c397c0c744,21.56
0xa4a1dbfc19aa69a2b6d0391dbcef0c01dc9f0043,21.53
0x4defa30195094963cfac7285d8d6e6e523c7f90d,21.52
0x29b2d55046414057ce440dcc7aeb946e0837d24d,21.52
0xb678853c57b94da8e6ffbf0e792e9c31788d84a2,21.5
0x717ab1c60e79464ed2e2980a131fe5774b855789,21.49
0xdc95913ea736a669f9518dc58b90b5d7ea2c8c8a,21.49
0x75a539db04dfcd914b7b2e985662e586c3da3ed4,21.48
0x2fa1859029a483defbb664bb6026d682f55e2fcd,21.46
0x49153cbd5b0c516d1320bc42b48c73548b73b678,21.43
0x8e2b4f283e3828b41343c4b24549b5a5b36b6632,21.43
0xb28cf9fcfaa079ff21ceddbfc7b4b2fb9c7bd70f,21.42
0x9ee44216215833ff45aea646bdf1b0c3d9f6c064,21.42
0x0235ecaa45c4ce4abaf58c21e70c103d1bd745d7,21.41
0xcdc70f78a83d7a5051acba8eaab1794b5a2204cf,21.4
0x3b8c618bfdded6544b27ef67cb71043b30655514,21.4
0x3ce4afd671a655bacee7bf220bb97f80d1e739c8,21.39
0xbabe31056c0fe1b704d811b2405f6e9f5ae5e59d,21.38
0xa6e8e242a6bbdb87765edb408530348b4f51030b,21.38
0x35d124ce28e92a7365ac428234a6c362eaea1845,21.37
0x22d9aaa23d00cfc72083ab5146225845960ead4f,21.32
0xc37027c11b6b416462aa7b589e6f7937ce220327,21.28
0x5444a43aea36f3cf015aaf24a938ae6baee2614d,21.28
0x1bdb1783505f626a55a5e3dd3e366df1cd69c055,21.27
